Id,SalePrice,Gradient_Boost,Random_Forest,XG_Boost
1461,169277.0525,402761.8313,402884.872,315630.34
1462,187758.394,232454.4717,362147.898,273500.53
1463,183583.6836,596039.3138,550649.608,375353.66
1464,179317.4775,564237.1642,556515.338,399409.12
1465,150730.08,422597.5736,398297.114,356019.8
1466,177150.9892,569900.1624,542496.408,341964.2
1467,172070.6592,276840.9359,364147.054,300759.6
1468,175110.9565,592598.0847,548942.072,345733.34
1469,162011.6988,279133.9604,367506.37,380510
1470,160726.2478,318921.4537,370114.188,343621.53
1471,157933.2795,279625.1369,363871.216,340927.62
1472,145291.245,562282.1774,550218.026,342373.25
1473,159672.0176,576000.8659,555622.152,352828.44
1474,164167.5183,596868.5281,551999.446,445555.72
1475,150891.6382,260815.3922,378584.194,267544.84
1476,179460.9652,559841.7948,552475.352,368036.8
1477,185034.6289,235208.2753,395767.892,329506.6
1478,182352.1926,238649.5044,373993.598,315848.16
1479,183053.4582,262001.4997,377716.778,327571.66
1480,187823.3393,253301.2004,379089.476,323866.75
1481,186544.1143,579605.6799,557926.66,385118.56
1482,158230.7752,254477.8438,372755.922,328970.1
1483,190552.8293,263039.1584,383512.232,333683.44
1484,147183.6749,251414.0526,373991.69,321728.78
1485,185855.3009,618432.0764,552690.316,439825.62
1486,174350.4707,578879.3962,543850.754,372551.06
1487,201740.6207,689918.5735,562353.214,379848.47
1488,162986.3789,207639.0259,396752.258,366032.47
1489,162330.1991,267010.4249,389034.204,326912.66
1490,165845.9386,417726.9644,402016.196,359388.34
1491,180929.6229,547077.2466,549945.206,365193.5
1492,163481.5015,236958.3478,381006.634,283540.97
1493,187798.0767,263015.7275,389937.9,330398.94
1494,198822.1989,602307.8015,553328.878,403615.62
1495,194868.4099,586454.7856,555853.164,391883.94
1496,152605.2986,279625.1369,365272.126,341214.53
1497,147797.7028,606301.636,543105.528,371307.25
1498,150521.969,587589.1595,560550.014,389902.44
1499,146991.6302,618153.4008,555621.272,410963.44
1500,150306.3078,605510.1108,562766.116,390328.53
1501,151164.3725,583486.7387,561759.088,383806.28
1502,151133.707,625586.3418,555896.028,397719.66
1503,156214.0425,319793.4619,357405.808,339651.25
1504,171992.7607,627236.1689,551879.178,404892.56
1505,173214.9125,301648.5091,367073.732,339144.6
1506,192429.1873,270943.2172,379053.382,293285.25
1507,190878.6951,605212.7968,549771.484,409462.03
1508,194542.5441,606427.4822,554055.492,398925.06
1509,191849.4391,619391.3091,547109.052,385841.88
1510,176363.7739,279922.451,373021.594,291332.7
1511,176954.1854,308750.5963,375890.56,344747.75
1512,176521.217,395558.1217,404106.12,346176.62
1513,179436.7048,583618.851,548933.654,338562.62
1514,220079.7568,315836.9307,354855.138,282388.53
1515,175502.9181,584608.3452,565698.746,373117.06
1516,188321.0738,595261.8201,563128.214,391880.56
1517,163276.3245,260096.359,377780.2,318622.47
1518,185911.3663,230461.9418,389272.678,322347.1
1519,171392.831,269846.3595,373876.736,322296.6
1520,174418.207,284206.8923,385655.922,302388.66
1521,179682.7096,262001.4997,369608.368,256363.58
1522,179423.7516,383158.6104,401746.562,315750.94
1523,171756.9181,577283.7136,541370.254,324367.56
1524,166849.6382,280268.3343,377815.624,335763.53
1525,181122.1687,283980.5393,377798.624,312510.22
1526,170934.4627,291994.2529,378274.232,307838.56
1527,159738.2926,246964.8314,388716.416,326221.28
1528,174445.7596,599273.2168,546354.938,347188.1
1529,174706.3637,304283.1233,379668.398,352104.72
1530,164507.6725,397245.9422,406129.826,334363.78
1531,163602.5122,594877.0727,553961.514,319198.28
1532,154126.2702,348701.5658,336063.856,282529.8
1533,171104.8535,328997.5452,377933.694,386555.84
1534,167735.3927,587031.1356,540593.42,349998.6
1535,183003.6133,613470.2072,547987.094,341011.94
1536,172580.3812,614299.4215,550066.15,351092.47
1537,165407.8891,240879.4477,389131.992,346817.62
1538,176363.7739,576396.5684,545681.862,303999.8
1539,175182.9509,586403.052,550162.238,381501.1
1540,190757.1778,635779.7372,516042.592,302873.38
1541,167186.9958,610587.2166,550522.282,388260.4
1542,167839.3768,610587.2166,549548.072,338952.28
1543,173912.4212,614299.4215,547432.45,398866.6
1544,154034.9174,285630.3664,369720.408,315348.06
1545,156002.9558,610633.7462,550913.284,373703.1
1546,168173.9433,616410.4948,551959.954,415666
1547,168882.4371,684435.4665,565944.212,372902.75
1548,168173.9433,600580.733,544747.168,354991.44
1549,157580.1776,606775.7656,545789.442,401719.97
1550,181922.1526,603562.9696,555316.66,378053.16
1551,155134.2278,295706.4579,378417.232,303615.1
1552,188885.5733,567277.23,536502.284,368829.44
1553,183963.193,756713.0033,513716.244,348778.22
1554,161298.7623,587190.9512,542844.952,326331.2
1555,188613.6676,246817.7873,380283.85,251802.23
1556,175080.1118,590743.3406,540029.602,296100.97
1557,174744.4003,671689.8203,519799.594,356076.78
1558,168175.9113,620494.4541,550746.212,366740
1559,182333.4726,650441.2614,519111.21,366234.78
1560,158307.2067,605212.7968,551641.89,357041.34
1561,193053.0555,303563.5591,338727.682,232975.31
1562,175031.09,265594.3517,386527.75,327348.12
1563,160713.2946,279133.9604,370905.488,295338.2
1564,173186.215,324239.9239,377920,349964.53
1565,191736.7598,608736.3742,542815.664,381924.7
1566,170401.631,301175.3292,372701.778,331822.38
1567,164626.5779,233246.1428,381285.5,324409.53
1568,205469.4094,579605.6799,555660.174,399733.75
1569,209561.7842,643553.0099,555462.244,405285.78
1570,182271.5031,299172.1158,366869.784,310344.56
1571,178081.5494,280268.3343,378119.816,311908.94
1572,178425.9561,281918.1615,370100.914,299181.4
1573,162015.3185,294263.204,390649.794,370742.66
1574,181722.4204,260815.3922,388754.37,299265.4
1575,156705.7302,427803.7927,397853.738,345006.8
1576,182902.4203,580065.5037,556692.286,386662.28
1577,157574.5954,268196.5324,379423.21,324564.44
1578,184380.7391,586403.052,549837.52,340244.66
1579,169364.4692,316930.0369,367687.544,335833.75
1580,175846.1798,625586.3418,555130.11,379269.56
1581,189673.2953,287811.5864,358119.224,275658.78
1582,174401.3177,291994.2529,378291.232,344635.75
1583,179021.4487,263651.3268,370746.828,324128.34
1584,189196.8453,578879.3962,543850.754,371420.53
1585,139647.0957,256311.0446,377681.384,356932.3
1586,161468.1983,204846.2687,394919.804,253121.56
1587,171557.3232,252900.8025,384809.402,293631.2
1588,179447.368,301458.7059,367670.656,304701.6
1589,169611.619,713555.525,554549.196,427263.47
1590,172088.8727,291994.2529,378344.924,312554.75
1591,171190.6241,292629.3116,347280.484,287158.34
1592,154850.5084,252178.3897,391179.914,317958.1
1593,158617.6557,413824.9563,406809.57,367207.2
1594,209258.3369,580829.6312,500847.588,316915.84
1595,177939.0276,643903.0999,506166.214,285752.25
1596,194631.1003,580509.227,558413.768,368525.12
1597,213618.8716,584980.0996,563766.968,399849.97
1598,198342.5042,612534.3577,562106.376,438125.06
1599,138607.9715,276840.9359,355228.908,340071.78
1600,150778.959,261472.4202,362619.562,340953.53
1601,146966.2303,309085.1771,375953.924,334367.53
1602,162182.5962,715069.4798,559298.896,342218.3
1603,176825.941,250677.0363,389408.75,288043.25
1604,152799.8124,369653.6907,397508.75,335305.56
1605,180322.3221,621483.9209,556825.102,407286.25
1606,177508.0272,264256.6213,364555.064,339076.1
1607,208029.6427,246964.8314,395944.326,341513.47
1608,181987.2825,254018.02,373637.504,329174.16
1609,160172.728,276757.8469,390748.172,330552.75
1610,176761.3177,569760.0577,544102.542,362991.06
1611,176515.4975,291994.2529,378381.982,343745.1
1612,176270.4531,253159.864,398257.438,369068.22
1613,183050.8463,239441.1755,388865.578,329897.22
1614,150011.1021,423289.4092,395673.084,323766.28
1615,159270.5378,652915.4806,509920.808,320472.6
1616,163419.6637,622948.1938,506388.174,331913.47
1617,163399.9833,614299.4215,550306.416,368382.22
1618,173364.1615,286463.367,379476.842,308172.12
1619,169556.8359,296299.6436,371561.296,383968.06
1620,183690.596,554695.4403,545187.814,377604.6
1621,176980.9149,594084.327,542743.734,401667.25
1622,204773.3622,597796.5319,552762.468,361223.3
1623,174728.656,294574.2374,373856.452,346820.03
1624,181873.4582,611407.8294,552016.312,403385.66
1625,177322.0008,280268.3343,378014.49,309226.8
1626,193927.939,263651.3268,371746.2,291903.97
1627,181715.6227,596039.3138,550055.626,375591.47
1628,199270.8412,564237.1642,556829.42,393183.97
1629,177109.59,555257.9305,553683.616,358137.25
1630,153909.5783,279625.1369,365272.126,340368.66
1631,162931.2033,279625.1369,364545.31,305283.53
1632,166386.7567,295453.4764,364087.448,337160.72
1633,173719.3038,603063.5607,552790.92,400460.06
1634,179757.9257,621483.9209,557684.834,372713.88
1635,179007.602,612504.6872,553917.274,413857.5
1636,180370.8086,226229.0415,393183.192,341213.34
1637,185102.6167,692209.0477,569473.396,377283.38
1638,198825.5635,538098.0129,547052.134,361815.72
1639,184294.576,254477.8438,373764.512,294884.6
1640,200443.7921,573870.471,552988.94,399149.16
1641,181294.7845,245681.9837,390528.794,335722.78
1642,174354.3363,631117.2277,556421.004,407204.53
1643,172023.6778,592598.0847,548597.528,370353.53
1644,181666.9229,598903.8264,550958.438,405114.84
1645,179024.4913,406682.2228,421034.906,353611.47
1646,178324.1916,276020.4428,390692.148,332620.22
1647,184534.6767,266549.6458,377012.162,340750.06
1648,159397.2504,258031.1911,381080.346,303041.47
1649,178430.9667,260192.1034,381645.032,295960.78
1650,177743.7994,288113.1941,372056.892,334070.53
1651,179395.3055,272744.6785,371440.2,335194.2
1652,151713.3847,587726.7845,556357.96,352828.44
1653,151713.3847,574762.9576,556749.286,361540.9
1654,168434.978,612696.8675,550833.822,405589.66
1655,153999.1003,330806.9415,370667.432,316810.03
1656,164096.0974,603562.9696,553868.948,378618.38
1657,166335.403,596868.5281,550970.956,405377.53
1658,163020.7254,596868.5281,552107.786,398626.7
1659,155862.5107,264256.6213,356743.216,266742.06
1660,182760.6511,259217.2986,370831.574,290848.78
1661,201912.2706,581283.3102,559103.882,395970.62
1662,185988.234,637312.2604,558965.2,403406.53
1663,183778.4489,269846.3595,375109.542,323889.88
1664,170935.8592,253301.2004,379089.476,303410.84
1665,184468.9084,221489.5868,392109.568,335435.75
1666,191569.0897,253301.2004,378898.176,327024.5
1667,232991.0256,579605.6799,560197.026,384852.16
1668,180980.7214,269846.3595,375109.542,326868.4
1669,164279.1305,254018.02,374978.958,328494.7
1670,183859.4604,254018.02,374817.31,326978.97
1671,185922.4657,254018.02,373674.016,326978.97
1672,191742.7781,264094.1115,381928.544,325851.53
1673,199954.0725,547077.2466,549784.07,383559.62
1674,180690.2748,221489.5868,389630.02,336889.94
1675,163099.3096,254477.8438,372510.98,328970.1
1676,140791.9225,269846.3595,373876.736,328510.47
1677,166481.8665,269846.3595,373876.736,328924.56
1678,172080.4345,247822.9874,372015.706,324315.34
1679,191719.1617,254018.02,375180.948,327024.5
1680,160741.0986,247822.9874,371859.936,323188.84
1681,157829.5469,221489.5868,392192.426,332235.56
1682,196896.7486,269846.3595,374881.778,324072.3
1683,159675.424,221489.5868,389680.02,335424
1684,182084.7909,569760.0577,543582.874,398245.34
1685,179233.9264,578879.3962,543850.754,372308.34
1686,155774.2709,238649.5044,372516.69,327083.97
1687,181354.3267,563565.0251,541800.63,402299.47
1688,179605.5637,547077.2466,549784.07,371618.1
1689,181609.3487,578879.3962,543850.754,372308.34
1690,178221.5316,621483.9209,556825.102,407953.06
1691,175559.9207,611407.8294,552016.312,404928.38
1692,200328.8228,589681.7713,564286.95,389439.75
1693,178630.0606,603818.4223,556249.644,443989.53
1694,177174.5352,621483.9209,556323.502,379269.56
1695,172515.6874,583478.7462,548164.174,370582.97
1696,204032.9929,586629.9268,559993.932,414418.1
1697,176023.2328,583478.7462,549626.572,371278.9
1698,202202.0733,597111.6497,559727.734,391300.97
1699,181734.4801,255292.6172,376557.882,336210.06
1700,183982.159,583317.8848,557926.66,395149.34
1701,188007.9424,586454.7856,555853.164,393361.1
1702,185922.9668,221489.5868,389680.02,327174.28
1703,183978.5449,221489.5868,388875.488,330582.8
1704,177199.6186,279922.451,380510.802,329042.3
1705,181878.648,238649.5044,373521.732,326842.06
1706,173622.0887,253301.2004,379072.94,305667.84
1707,180728.1686,235208.2753,397030.388,329510.78
1708,176477.0266,253291.7363,382677.766,328343.56
1709,184282.2667,221489.5868,389680.02,336675.6
1710,162062.4754,268196.5324,379423.21,329289.5
1711,182550.071,579605.6799,559743.296,388538.7
1712,180987.9496,235208.2753,395673.448,330916.78
1713,178173.7976,301648.5091,367609.598,339144.6
1714,179980.6359,309834.9585,366799.994,344630.78
1715,173257.6378,637312.2604,556681.768,404241.9
1716,177271.2911,267010.4249,381589.364,334981.8
1717,175338.3554,303941.5336,370103.232,370512.84
1718,177548.1405,312674.9051,337369.156,269193.56
1719,175969.9166,588626.8182,544964.39,362176.97
1720,175011.482,275428.8415,376106.248,332824.62
1721,185199.3726,253291.7363,373699.384,328245.7
1722,188514.0502,312674.9051,337369.156,262213.56
1723,185080.1453,295896.2611,373976.854,332931.8
1724,157304.4026,235208.2753,395767.892,328162.34
1725,194260.8595,605510.1108,562766.116,389524.38
1726,181262.33,715149.7913,565048.356,422210.56
1727,157003.2927,260815.3922,386535.45,334946.44
1728,182924.4994,614272.342,551269.196,399916.2
1729,181902.5864,593784.1922,560042.286,364111.97
1730,188985.3717,536842.7813,538655.012,349418.75
1731,185290.9045,295103.4768,367797.136,310956.25
1732,177304.4258,289701.2284,364917.382,298551.25
1733,166274.9005,295366.4886,367483.336,301102.38
1734,177807.4205,263765.4447,377502.162,299237.78
1735,180330.6248,307822.5924,377909.644,324359.38
1736,179069.1122,262847.6669,387262.568,293280.9
1737,175943.3718,308094.6472,390473.56,352568.9
1738,185199.0506,551273.3373,556742.92,401131.3
1739,167350.9108,586403.052,548023.62,350000.9
1740,149315.3119,247972.8235,396637.868,333675.8
1741,139010.8478,264094.1115,373006.554,329679
1742,155412.1518,583486.7387,561759.088,390328.53
1743,171308.314,583486.7387,562045.468,380527.22
1744,176220.5433,280349.4223,372263.966,341101.03
1745,177643.435,283797.1657,354607.778,338803.3
1746,187222.6533,567365.4507,555788.634,321735
1747,185635.1321,604727.1046,553484.15,403330.66
1748,206492.5342,684677.6812,564674.06,384517.97
1749,181681.0211,253685.0596,371084.03,291596.94
1750,180500.1981,257407.9023,384208.038,283127.34
1751,206486.1709,684270.4105,557727.694,419213.38
1752,161334.3012,277484.1333,378353.816,308602.34
1753,176156.5583,244312.5026,373670.824,294805.66
1754,191642.2235,699095.6697,570423.526,376478.06
1755,191945.808,259217.2986,376541.91,294381.6
1756,164146.306,322529.2711,379894.65,351896.44
1757,179883.0571,280268.3343,377931.174,305199.47
1758,178071.1377,279732.6478,383254.204,340497.47
1759,188241.6379,266085.5283,380740.97,283764.2
1760,174559.6562,393668.4797,392512.682,355466.78
1761,182347.363,380374.4093,402143.562,313036.4
1762,191507.2519,607275.1746,555302.782,382594.9
1763,199751.8656,247331.8108,376152.648,364388.16
1764,162106.4161,313716.0173,366780.158,278219.5
1765,164575.9823,293413.4333,365424.89,297878.66
1766,179176.3522,395558.1217,401796.832,312684.8
1767,177327.4039,383158.6104,408109.6,351457.1
1768,177818.0838,265944.3514,376582.526,284739.06
1769,186965.204,255607.2179,386254.778,340590.1
1770,178762.7422,281918.1615,377114.044,324363.38
1771,183322.8661,303274.5367,366354.55,276792.47
1772,178903.2959,274736.0953,371696.31,334653.06
1773,186570.1294,302600.944,371527.69,280359.47
1774,199144.2428,215162.6818,403401.844,324126.56
1775,172154.7133,260192.1034,383651.702,294072.97
1776,177444.0192,402099.0377,406734.674,358893.34
1777,166200.9381,291994.2529,378291.232,335731.72
1778,158995.7706,291994.2529,378310.578,330975.97
1779,168273.2825,178106.3821,394062.92,267719.22
1780,189680.4531,654842.1829,548993.372,403301.97
1781,181681.0211,266549.6458,369534.222,298768.25
1782,160277.1426,260815.3922,380255.226,267153.12
1783,197318.5472,573472.2627,545458.86,407709.22
1784,162228.9356,711072.6972,556149.462,338242.44
1785,187340.4555,387365.8033,417149.128,345441.1
1786,181065.347,250677.0363,395875.126,352165.62
1787,190233.6091,587190.9512,550792.702,393060.7
1788,157929.5949,318205.791,338533.316,266930.72
1789,168557.0019,246964.8314,388317.738,370228.94
1790,160805.5846,267010.4249,382355.406,266048.66
1791,221648.392,545481.564,555975.944,361720.1
1792,180539.8808,367512.687,410973.09,314413
1793,182105.6163,314509.2788,380806.192,331047.6
1794,166380.8526,295706.4579,378327.578,379697.5
1795,178942.1556,248466.1848,383010.128,293519.84
1796,162804.7478,232725.4475,385679.776,270887.3
1797,183077.6844,722093.7267,562047.448,413408.84
1798,171728.472,246964.8314,389261.75,290507.38
1799,164786.7415,326704.5207,365234.194,276861.28
1800,177427.2672,344825.8847,375880.28,315896.6
1801,197318.5472,586403.052,549243.654,285081.22
1802,178658.1142,264256.6213,357064.408,290838.88
1803,185437.3205,551816.7014,546605.156,340709.3
1804,169759.6525,286715.9216,367843.544,329288.94
1805,173986.6351,305038.3913,378595.888,309160.97
1806,168607.6643,567277.23,536432.776,348224.75
1807,194138.5191,619001.0932,556660.802,376880.9
1808,192502.4409,583478.7462,541048.664,404344.94
1809,176746.9698,632855.4314,517542.694,317799.94
1810,177604.8917,715069.4798,559614.018,390481.9
1811,193283.7466,626660.3988,516623.72,317479.72
1812,181627.061,630348.4294,504141.802,323531.72
1813,169071.6203,603562.9696,546854.186,328404.16
1814,167398.0065,250677.0363,389045.282,327956.6
1815,150106.5051,208558.4736,392765.744,270765.53
1816,159650.3043,250677.0363,389288.492,294605.3
1817,179471.236,587190.9512,550578.904,399397.3
1818,177109.59,586403.052,550405.52,307546.1
1819,166558.1133,598128.9706,541652.01,325977.28
1820,153796.7143,306479.8724,336772.7,258013.77
1821,174520.1526,250677.0363,389200.608,293231.62
1822,196297.9583,580995.9185,541668.072,408900.84
1823,169100.6816,310192.0774,338219.33,243703.9
1824,176911.3192,247096.7037,372541.022,289065.3
1825,169234.6455,572684.3635,544979.674,282438.4
1826,172386.2979,582497.2719,555418.994,354956.7
1827,156031.9048,264527.5971,380402.226,264789
1828,168202.8923,624920.7185,552976.468,365043.75
1829,166505.984,295706.4579,378398.982,340196.28
1830,176507.3702,580995.9185,550433.872,368829.06
1831,180116.7526,572684.3635,545405.452,263226.2
1832,183072.7406,622544.892,515400.592,262077.9
1833,189595.9647,626025.3401,558923.524,368352.03
1834,167523.9191,590115.257,540757.554,310998.03
1835,210817.7759,621137.5052,527964.198,292029.16
1836,172942.9308,580995.9185,541500.254,325573.72
1837,145286.2781,458636.1308,366920.18,309121.1
1838,176468.6534,610633.7462,551153.55,358570.28
1839,159040.0696,250677.0363,388898.282,326773.2
1840,178518.2043,373806.2037,342496.426,306098.38
1841,169163.9808,320811.0957,382571.666,303171.4
1842,189786.6853,589009.6322,550062.192,317088.9
1843,181246.7285,243388.9591,369888.914,254674.05
1844,176349.9272,277283.0275,379677.074,337213.16
1845,205266.631,569900.1624,545090.906,293787.9
1846,187397.9934,375801.0344,410294.36,352376.62
1847,208943.4277,215294.5541,379822.732,262888.78
1848,165014.5329,248137.5702,349606.678,276719.75
1849,182492.0376,348959.4456,422462.268,329196.78
1850,161718.7126,291994.2529,378381.982,305733.22
1851,180084.1189,603562.9696,547082.9,353520.06
1852,178534.9508,297746.501,367687.656,300636.88
1853,151217.26,263301.3272,378551.436,287147.62
1854,156342.7176,285027.3853,358021.194,335598.62
1855,188511.4438,285469.477,381664.792,358105.94
1856,183570.3379,630948.3738,551879.178,400216.03
1857,225810.1603,532380.9499,529950.974,325974.6
1858,214217.4011,518662.2614,533352.452,327112.97
1859,187665.641,202062.0676,401661.95,301599.38
1860,161157.1777,282361.6829,375908.146,364811.1
1861,187643.9926,202062.0676,401661.95,301599.38
1862,228156.3728,588307.5572,563199.288,415418.56
1863,220449.5347,588307.5572,563199.288,400925.12
1864,220522.3521,588307.5572,563199.288,400925.12
1865,156647.7635,254018.02,366219.69,321945.28
1866,187388.8334,269846.3595,374974.088,328981.8
1867,178640.7238,253291.7363,382578.734,335891.66
1868,180847.2167,269129.5398,379137.408,326842.06
1869,159505.1705,303941.5336,377245.668,375259.34
1870,164305.538,269846.3595,373876.736,324447.03
1871,180181.1967,238649.5044,373386.278,327095.7
1872,184602.735,578879.3962,543850.754,372308.34
1873,193440.3722,611407.8294,552076.312,398852.16
1874,184199.7882,425772.237,401052.354,317340.16
1875,196241.8929,295896.2611,374392.026,299013.84
1876,175588.6183,595434.0193,556837.174,362360.7
1877,179503.0465,269846.3595,373876.736,324175.4
1878,183658.0766,390027.2357,404079.22,345150.72
1879,193700.9763,234747.4962,373950.552,288466.16
1880,165399.6245,265594.3517,386576.092,341212.38
1881,186847.9448,301648.5091,367225.36,331301.94
1882,198127.7329,547077.2466,549945.206,371462.16
1883,183320.8981,560795.9351,554724.68,368970.88
1884,181613.6067,578879.3962,544011.89,361206
1885,178298.7918,254018.02,373637.504,318927.22
1886,185733.534,245038.7863,371979.84,323889.88
1887,180008.1885,378141.7479,410111.898,380540.88
1888,175127.5962,414517.7025,406893.272,346479
1889,183467.1769,578879.3962,543850.754,364792.84
1890,182705.546,286917.0273,365091.122,246122.3
1891,152324.9436,292910.9543,370575.694,293284.25
1892,169878.516,288454.7838,380183.678,315252.28
1893,183735.9751,338058.6156,362879.072,243676.55
1894,224118.2801,267022.1947,361897.988,286421.6
1895,169355.2025,245681.9837,383583.128,272734.66
1896,180054.2764,602691.8063,547692.724,358579.34
1897,174081.602,612991.7451,554623.184,356481.94
1898,168494.985,572684.3635,535911.126,283558.6
1899,181871.5988,250677.0363,388452.812,372677.97
1900,173554.4897,716479.8308,553605.454,315752.28
1901,169805.3822,624824.3714,549721.876,356735.75
1902,176192.9907,388380.3492,398886.168,318816.47
1903,204264.3928,615977.0519,559252.542,420391.25
1904,169630.907,300180.7024,380642.286,307306.7
1905,185724.8388,385132.0306,407539.462,324010.62
1906,195699.0363,610633.7462,558165.506,381738.7
1907,189494.2762,275349.0558,378699.348,296764.34
1908,149607.9057,563565.0251,537184.024,366701.34
1909,154650.199,612237.0437,543043.772,445630
1910,151579.5581,563565.0251,534522.38,366893.84
1911,185147.3805,579605.6799,557142.67,359651.7
1912,196314.5312,291240.4146,370872.222,318039.03
1913,210802.3954,576396.5684,544958.326,373282.53
1914,166271.2864,250677.0363,388766.416,289180.56
1915,154865.3591,272162.9729,371949.17,327898.06
1916,173575.5053,204978.141,380766.198,242733.89
1917,179399.5636,576880.4542,549577.094,411409.72
1918,164280.7766,281918.1615,370337.366,302942.3
1919,171247.4895,447392.107,388490.026,330181.6
1920,166878.5872,289210.0519,383493.762,343199.5
1921,188129.4597,247822.9874,371392.52,329196.5
1922,183517.3437,270663.627,380285.904,324960.44
1923,175522.0269,589844.2811,548450.264,406808.1
1924,190060.1053,256009.4368,372542.02,314162.56
1925,174179.8248,578879.3962,543850.754,358219.5
1926,171059.5237,247822.9874,371949.17,326807.16
1927,183004.1868,231963.2952,375339.066,315250.06
1928,183601.6474,243388.9591,378388.658,296507
1929,163539.3272,303552.9381,367307.746,309389.38
1930,164677.6764,300768.737,366726.73,303374.7
1931,162395.0739,313844.2281,355805.986,314529.97
1932,182207.6323,594084.327,542683.734,401667.25
1933,192223.9398,610921.6461,553842,372708.28
1934,176391.8294,609758.0023,556517.278,379269.56
1935,181913.1791,564237.1642,555405.302,361989.88
1936,179136.0979,596039.3138,550589.608,372366.72
1937,196595.5682,587060.08,548449.13,375591.47
1938,194822.3657,286917.0273,371141.708,338576.53
1939,148356.6694,291994.2529,378320.264,356914.97
1940,160387.6043,398432.163,412280.27,357848.03
1941,181276.5006,592598.0847,548942.072,341948.3
1942,192474.8179,580702.5376,559183.602,396574.6
1943,157699.9078,306457.5717,370736.48,345888.28
1944,215785.5408,564237.1642,559099.786,397877.47
1945,181824.301,254018.02,374817.31,326989.6
1946,221813.0095,248020.4808,394067.24,301444.56
1947,165281.2926,263651.3268,372129.168,305576.72
1948,255629.4905,218874.8867,403024.91,334107.28
1949,173154.591,395558.1217,403225.616,347509.9
1950,183884.6525,250116.0119,382605.328,320032.53
1951,200210.3536,261731.2896,388521.558,371409.75
1952,186599.2213,242933.9457,383118.498,368905.34
1953,192718.5327,289934.3372,391319.428,384419.53
1954,178628.666,538098.0129,547569.516,314902.28
1955,180650.3424,616782.2492,550830.612,412125.62
1956,206003.1079,684944.9606,571562.19,378763.78
1957,166457.6784,226229.0415,395580.664,304414.53
1958,202916.2217,599146.2243,557789.526,390393.06
1959,192463.97,592598.0847,548371.964,351640.53
1960,171775.4972,231963.2952,373384.844,286577
1961,175249.2221,300180.7024,378523.756,347379.78
1962,147086.5989,562282.1774,550218.026,342524.4
1963,149709.6721,591099.0202,548521.62,342283.44
1964,171411.4045,576000.8659,563115.106,352828.44
1965,178188.9648,613451.7291,555900.94,419963.1
1966,156491.7114,277975.3098,370805.584,306572.78
1967,180953.2412,266782.5682,376098.268,315361.2
1968,203909.7591,262204.4695,377031.216,333497.38
1969,175470.1491,254018.02,374817.31,326830.34
1970,205578.3336,579605.6799,560468.162,386540.9
1971,199428.8577,684917.1574,568124.318,393070.8
1972,187599.1639,573410.6472,559046.664,393062
1973,192265.1981,564237.1642,555480.84,388021.9
1974,196666.5549,579605.6799,560197.026,393196.12
1975,155537.8623,471142.5843,407721.78,355250.12
1976,169543.2406,254018.02,373637.504,329207.97
1977,202487.0102,602446.3195,564966.45,394790.72
1978,208232.7163,547077.2466,551622.07,365044.8
1979,173621.1952,257899.0788,378259.98,324369.8
1980,172414.6086,268196.5324,379423.21,330168.5
1981,164400.7564,265944.3514,384159.336,361785.6
1982,160480.424,257899.0788,377704.792,326119.56
1983,156060.8538,262001.4997,376571.084,325713.7
1984,157437.1928,560795.9351,554080.03,368886.2
1985,158163.7209,375848.7234,398532.55,343894.56
1986,154849.0433,269846.3595,374158.19,324080.8
1987,152186.6093,215294.5541,386281.63,333133.1
1988,180340.2154,592598.0847,548597.528,375685.22
1989,178344.6245,578879.3962,543850.754,372551.06
1990,190170.3823,547077.2466,549784.07,371740.12
1991,168092.9755,269846.3595,373876.736,325328.6
1992,178757.9126,587089.7506,560073.692,388254.66
1993,174518.2569,547077.2466,549784.07,366173.78
1994,198168.4901,596039.3138,551896.438,355469.6
1995,176882.694,592598.0847,548882.072,345564.72
1996,183801.6729,551816.7014,552141.928,370497.7
1997,196400.0467,547077.2466,552808.872,359992.56
1998,172281.605,254018.02,373637.504,328970.1
1999,196380.3663,635938.0462,558121.434,433683.03
2000,198228.3543,547077.2466,549945.206,365331.7
2001,195556.5813,595458.6957,555537.51,398068.72
2002,186453.2645,264094.1115,381539.858,321059.78
2003,181869.3812,547077.2466,550397.424,381424.7
2004,175610.8401,579605.6799,558197.796,386307.06
2005,183438.7308,252368.1929,380357.22,317136.9
2006,179584.4887,286279.9934,366215.27,331284.5
2007,182386.1522,221489.5868,389018.518,334937.53
2008,160750.3672,247822.9874,370419.554,318833.53
2009,182477.505,614272.342,551803.178,407754.9
2010,187720.3592,547077.2466,549945.206,358776.22
2011,187201.9421,309758.5917,329059.204,244496.67
2012,176385.1022,267010.4249,388631.87,334452.72
2013,175901.7878,593784.1922,561700.376,391226.22
2014,182584.2802,571086.2699,554755.924,388662.53
2015,195664.6861,580065.5037,556692.286,382514.8
2016,181420.3465,637312.2604,556681.768,403611.03
2017,176676.05,587060.08,549385.076,393416.84
2018,181594.6789,303639.9259,359725.15,261499.86
2019,178521.748,281918.1615,369720.408,324119.8
2020,175895.8837,318026.8947,376775.404,293929.44
2021,168468.0059,290015.7564,377134.482,300509.03
2022,200973.1294,236811.3037,375207.248,297876
2023,197030.642,624940.4694,552803.822,410513.5
2024,192867.4178,699638.9262,567109.372,403530.84
2025,196449.2476,573410.6472,555541.158,388398.9
2026,141684.1964,293803.6493,370220.94,337779.16
2027,153353.3341,631117.2277,555621.272,403490.4
2028,151143.549,592598.0847,549037.946,367276.2
2029,163753.0871,583486.7387,561184.602,363152.03
2030,158682.46,247822.9874,371133.266,326794.53
2031,144959.8353,269846.3595,366923.3,328474.66
2032,160144.3905,285820.1696,360705.726,340976.66
2033,156286.5343,269846.3595,374348.602,328934.22
2034,165726.7076,586629.9268,559350.804,420787.62
2035,182427.481,596706.0182,565576.178,404540.44
2036,173310.5615,580434.8941,559757.338,420787.62
2037,173310.5615,580434.8941,559757.338,420667.25
2038,151556.014,742648.4143,565734.552,425807.62
2039,158908.1461,316628.4292,355654.7,345921.38
2040,209834.3831,577582.6759,555017.924,393490.28
2041,192410.5166,338651.8013,366742.65,358288.66
2042,174026.2473,547077.2466,550790.332,333726.6
2043,195499.8301,407603.184,412512.2,364910.34
2044,200918.0188,401424.4876,399965.32,357215
2045,207243.616,287446.1972,373626.934,352894.62
2046,196149.7839,246964.8314,396161.326,322733.53
2047,192097.9149,632379.8124,545437.688,358658.5
2048,178570.9489,287320.4099,374065.59,333815.06
2049,228617.9683,244180.6303,396631.326,329251.88
2050,199929.8844,607803.0155,547772.86,413132.97
2051,160206.3656,346175.2445,422771.366,298643.75
2052,179854.4319,399091.7219,418360.154,353850.75
2053,185987.3405,297746.501,369536.514,328832.7
2054,161122.5056,610587.2166,550950.494,339478.12
2055,175949.3427,262001.4997,376705.026,324105.9
2056,183683.5906,310931.8163,366980.092,306841.12
2057,176401.3476,248282.8112,362340.652,243096.28
2058,205832.5325,593784.1922,562088.742,395205.2
2059,177799.7998,407173.3993,403647.75,287079.8
2060,167565.3621,416793.0032,405841.166,344709.12
2061,186348.9584,265944.3514,375679.99,320531.8
2062,179782.7595,307822.5924,377898.138,308614.1
2063,169837.6233,260192.1034,383400.938,321377.34
2064,178817.2757,256652.6342,384946.39,341072.6
2065,174444.4791,286161.7593,367037.28,311836.62
2066,192834.9689,232442.0708,399603.302,300554.9
2067,196564.718,218696.8295,395871.176,256151.9
2068,206977.567,256712.2534,397636.326,328589.88
2069,157054.2539,212514.6028,382104.914,262336.9
2070,175142.9481,573472.2627,537710.656,321531.53
2071,159932.1644,253291.7363,376546.358,258435.75
2072,182801.4083,580995.9185,541500.254,372204.4
2073,181510.3752,261472.4202,356801.07,296377.22
2074,181613.0351,262929.5035,369791.844,298042.06
2075,186920.5126,247822.9874,363309.164,256002.31
2076,157950.1706,280268.3343,378031.49,347842.5
2077,176115.159,313716.0173,366545.85,300579.75
2078,182744.5143,288454.7838,380166.678,316002.9
2079,180660.6837,596868.5281,552768.468,387662.5
2080,160775.6298,258690.75,389225.024,286572.16
2081,186711.7158,610587.2166,550066.15,366158.94
2082,223581.7582,292629.3116,355985.93,279387.4
2083,172330.9432,610587.2166,549968.054,412508
2084,163474.6334,246964.8314,388619.416,293544.06
2085,175308.2633,246964.8314,388549.416,286397.72
2086,187462.7253,295896.2611,367589.252,251911.2
2087,180655.1015,577283.7136,541500.254,354785.5
2088,152121.986,582431.7856,536819.844,286997.16
2089,159856.2339,246964.8314,389045.282,293491.6
2090,186559.8549,580995.9185,541567.532,350581.4
2091,183962.551,635779.7372,515736.038,299867.03
2092,162107.1687,563565.0251,545191.71,337809.3
2093,162582.289,614299.4215,550126.15,378004.3
2094,154407.7016,306479.8724,337188.828,267345.75
2095,181625.6664,620122.6997,559513.216,417837.5
2096,164810.6095,250677.0363,388766.416,286465.53
2097,176429.4012,635779.7372,505307.93,309344.72
2098,179188.0899,603562.9696,547372.264,377994.2
2099,145997.6354,247109.5096,375548.614,301209.22
2100,218676.7683,283106.6713,356284.73,260954.12
2101,188323.8612,567277.23,545925.498,364287.34
2102,168690.0723,603562.9696,547770.464,311811.72
2103,165088.7468,587190.9512,542144.808,323560.9
2104,191435.0079,614299.4215,558351.582,414180.38
2105,168864.4047,635755.563,501393.356,293065.78
2106,176041.8824,580592.6167,541166.89,333462.72
2107,215911.6744,586403.052,550165.654,344370.78
2108,167388.2386,260192.1034,383545.804,319216.03
2109,163854.7868,246964.8314,388766.416,293515.38
2110,163299.478,274736.0953,372765.846,309846.5
2111,178298.2146,563565.0251,535738.958,336089.1
2112,176376.5862,603562.9696,555316.66,330403.2
2113,170211.044,610587.2166,549508.084,373117.97
2114,170818.3448,569900.1624,535671.126,276840.53
2115,174388.8674,603562.9696,546458.32,356645.12
2116,161112.9874,250677.0363,388696.416,333820.66
2117,172179.0823,583904.7012,553226.468,362761.1
2118,157798.3097,610587.2166,557071.238,369811.56
2119,169106.1514,250677.0363,388820.108,295456.44
2120,170129.5314,641853.6796,550378.624,355320.44
2121,157680.2274,300180.7024,380786.502,303771.72
2122,162690.2091,607275.1746,547498.264,330396.1
2123,146968.3794,218696.8295,387322.022,239849.3
2124,181507.7214,600346.5648,555996.16,361930.1
2125,191215.5898,607275.1746,556028.86,357582.3
2126,189432.6898,592598.0847,549192.524,377117.34
2127,207271.485,600580.733,553162.468,353303.75
2128,170030.8075,586403.052,540468.056,293456.34
2129,148409.8065,250677.0363,389075.338,317616.3
2130,193850.614,607275.1746,547252.386,325912.25
2131,193808.3193,260815.3922,389396.562,280607.8
2132,166300.2354,578211.7174,549093.728,368688.66
2133,163474.6334,267010.4249,382556.436,302286.1
2134,177473.6066,622313.1352,558185.18,368912.12
2135,157443.9255,233246.1428,381285.5,317799.66
2136,180681.008,630348.4294,513483.344,315250
2137,183463.1703,270722.6298,383363.122,255284.77
2138,182481.7631,390640.4706,395033.648,385300.78
2139,193717.1512,247331.8108,376528.316,326910.03
2140,182782.551,294962.2999,370076.514,324678
2141,175530.6516,260780.138,370886.272,329898.8
2142,177804.0579,262001.4997,369427.67,258452.17
2143,159448.6708,325116.4864,369815.208,346222.25
2144,181338.9767,334270.7227,378240.4,337544.06
2145,178553.5585,288113.1941,371304.33,318195.88
2146,162820.9283,280553.1408,357779.172,300917.66
2147,188832.48,280068.6584,373012.096,266289.8
2148,164682.1859,622313.1352,549505.814,424904.84
2149,181549.7359,263765.4447,367004.974,371406.16
2150,199158.097,285346.9897,379960.164,341447.1
2151,152889.521,573312.4471,537534.602,323853.4
2152,181150.5517,350591.3437,330236.508,272045.12
2153,181416.7324,403748.8648,398524.454,348024.5
2154,164391.2382,363691.3749,338305.376,301706.1
2155,185421.0465,577955.8527,555901.612,309664.34
2156,193981.3276,666764.4406,563789.326,398989.28
2157,178824.3248,260867.1258,370110.726,327334.22
2158,209270.0516,611867.6533,551034.438,398702.9
2159,177801.2668,578879.3962,543098.254,365562.94
2160,179053.7622,578879.3962,543850.754,368755.16
2161,178762.1706,221489.5868,389680.02,336669.53
2162,184655.3005,407041.5641,422275.872,390993.84
2163,191284.6558,253301.2004,379089.476,313630.78
2164,179598.0858,254018.02,373651.196,328722.5
2165,167517.6281,290104.6109,377739.458,345652.22
2166,182873.9038,288113.1941,369979.176,334784.2
2167,177484.9137,269846.3595,373632.634,332912.25
2168,188444.5973,605510.1108,561151.898,381041.6
2169,179184.1538,593784.1922,561700.376,391157.88
2170,184365.1758,627236.1689,551879.178,401468.22
2171,184479.322,251044.0157,374064.67,328899.72
2172,182927.8639,245681.9837,383207.57,335907.6
2173,178611.6394,413219.7523,408619.334,343584.97
2174,181943.3436,560795.9351,554724.68,373669.3
2175,175080.6148,592370.2281,558606.16,386735.62
2176,190720.7946,269846.3595,374881.778,327024.5
2177,198422.8681,592598.0847,548699.464,369130.28
2178,184482.1131,547077.2466,549631.77,371627.06
2179,139214.9522,276095.5133,372336.08,357062.5
2180,169233.1136,294006.6191,369296.748,304000.25
2181,180664.1187,252368.1929,379749.678,324281.44
2182,178818.7426,268196.5324,379423.21,324233.34
2183,180422.05,299998.6819,373061.724,337918.38
2184,178601.9365,385596.1481,399546.474,313805.5
2185,183083.1598,276608.4774,371029.338,322544.94
2186,173163.1015,249394.1886,383377.672,337179.34
2187,185968.1612,305932.9504,372873.616,345961.03
2188,171226.0507,610587.2166,550532.796,412814.72
2189,281643.9761,229705.9285,398436.066,346990.5
2190,160031.7113,250510.749,357525.978,258024.8
2191,162775.9798,233777.3459,362111.606,260161.42
2192,160735.446,373806.2037,332479.74,289261.38
2193,166646.109,636383.6466,503857.488,333620.94
2194,188384.5484,580829.6312,489995.066,304083.3
2195,165830.6973,250575.8357,373231.476,282394.28
2196,182138.3585,246964.8314,388831.974,291717.2
2197,171595.398,614299.4215,549116.006,394056.6
2198,160337.0792,218874.8867,403008.194,299330.34
2199,191215.0887,631052.128,554290.658,421721.84
2200,166956.0932,733819.6453,563056.194,377367.75
2201,186581.8309,573312.4471,535468.946,359631.06
2202,176450.5486,608925.0017,552689.612,347726.56
2203,193743.1949,586403.052,541394.912,342102.72
2204,198882.5661,603562.9696,554406.928,332429.78
2205,176385.1022,693641.8038,549779.542,330292.5
2206,162447.6393,354285.1751,390012.736,262136.89
2207,193782.5557,584174.9023,557565.534,407420.66
2208,183653.8909,627307.1991,558268.978,413017.72
2209,210578.6235,280970.6951,377173.564,313533.62
2210,158527.1641,596868.5281,544205.794,405589.66
2211,163081.0257,307660.173,382312.704,315292.94
2212,174388.8674,583478.7462,542420.674,323928.2
2213,191905.8701,626660.3988,505341.158,333603.8
2214,174388.8674,712285.2787,557020.686,319681.06
2215,161642.7116,260815.3922,380862.376,266990.56
2216,186939.5072,591549.6152,563277.448,353276.66
2217,172482.1658,71702.66077,269232.024,323068.5
2218,159695.9998,586403.052,541403.68,280350
2219,157230.3697,577283.7136,541646.254,304883.6
2220,179188.0899,590115.257,541289.328,296148.7
2221,157972.8212,272162.9729,371949.17,327898.06
2222,156804.9514,369653.6907,398453.856,343118.25
2223,211491.9725,261611.2837,378198.856,340894.7
2224,186537.2462,578879.3962,542958.036,376573.62
2225,200468.1611,535165.1509,536592.642,348491.22
2226,182241.3404,276840.9359,364495.814,306572.84
2227,157342.2259,256311.0446,384366.412,364513.3
2228,182022.3871,264094.1115,381444.812,323253.94
2229,181244.5109,631231.343,557504.602,399778.1
2230,178556.6716,569760.0577,543274.898,362991.06
2231,189547.1999,560795.9351,554622.744,360828.44
2232,187948.6517,205156.1982,393972.258,334750.6
2233,194107.2876,242933.9457,383326.742,372229.62
2234,183521.7104,254018.02,374642.546,326842.06
2235,183682.1236,301648.5091,368678.748,333961.3
2236,178483.3531,305643.6831,375445.432,342519.75
2237,184003.8798,264094.1115,380980.49,330106.38
2238,171318.5903,266387.136,392076.3,327616.34
2239,162039.7543,312674.9051,338562.404,246302.03
2240,154846.2522,279922.451,381686.474,291348.12
2241,194822.3657,374807.8374,398011.518,320729.88
2242,169788.7388,277975.3098,363423.904,306548.62
2243,178891.5545,589844.2811,549693.208,327168.12
2244,152084.7724,621041.1363,541464.652,323533.97
2245,139169.8664,655457.2132,546521.02,335737.72
2246,192439.536,281918.1615,369703.408,325269.62
2247,161067.8598,659939.7275,525495.194,355470.16
2248,158762.6485,272744.6785,371402.464,298687.38
2249,175569.6904,277484.1333,377813.822,335975.22
2250,183659.795,277484.1333,378338.624,344505.03
2251,280618.1326,577508.4953,550350.056,296007.44
2252,180051.8092,246173.1602,377628.726,297778.88
2253,176519.1803,583478.7462,547829.238,371018.44
2254,179028.4292,555257.9305,553094.348,363811.25
2255,177161.5839,611407.8294,550902.864,371503.6
2256,180081.5088,600778.7686,553892.884,403611.03
2257,205895.2546,578879.3962,543959.27,352396.8
2258,183389.7813,226229.0415,393489.102,337218.28
2259,178543.6479,569900.1624,542657.544,341964.2
2260,194798.3205,258827.0827,371302.48,297040
2261,162845.6137,427360.2712,397825.45,321597.22
2262,148103.867,309241.7728,363549.124,345075.47
2263,201016.1711,579605.6799,560468.162,404467.28
2264,277936.1269,385207.9952,411330.694,335113.72
2265,249768.2798,279133.9604,367397.172,311340.1
2266,161596.0522,257899.0788,378682.588,330142.84
2267,158011.1149,282610.9077,368721.88,325781.94
2268,194089.6839,369653.6907,399093.186,323442.16
2269,181733.3369,292922.2568,383071.338,345877.94
2270,182852.3277,573870.471,554428.656,391761.9
2271,189893.0031,260192.1034,388826.84,375550.03
2272,194650.211,570626.4461,553606.192,381879.4
2273,187904.4613,232454.4717,368656.664,326741.6
2274,171774.9256,263651.3268,370606.93,294872.84
2275,177998.6859,255152.8711,392657.094,337842.1
2276,175648.4843,269457.764,368564.868,334324.47
2277,196918.0714,628357.7031,554783.026,369468.88
2278,184299.8381,281918.1615,370300.674,310307.5
2279,182379.8557,255978.0841,377968.392,323143.94
2280,184050.7258,266549.6458,369716.982,298707
2281,158296.976,247096.7037,379483.01,337513.78
2282,175053.3556,289701.2284,371082.448,342329.7
2283,162293.3761,562282.1774,550218.026,342524.4
2284,186328.88,551816.7014,546735.156,319173.03
2285,151422.1169,277912.0035,365567.426,271047.78
2286,181969.3587,257407.9023,384347.936,292363.1
2287,189122.677,254018.02,374817.31,322635.9
2288,185645.4752,229013.2426,394627.302,334921.3
2289,182829.8981,285820.1696,366569.114,337257.75
2290,195848.7882,589238.9867,557698.692,386840.53
2291,198785.0596,547077.2466,552647.736,363940.16
2292,181676.1266,375131.9037,406198.976,340688.8
2293,194131.0127,253301.2004,379072.94,322453.47
2294,201416.0049,540882.2139,551803.422,365044.8
2295,185096.5772,247822.9874,372015.706,322962.5
2296,195158.9726,592598.0847,548585.728,365284.22
2297,184795.7837,581283.3102,560458.016,391200.84
2298,189168.2639,215294.5541,389256.424,334580.34
2299,216855.2601,547077.2466,550790.332,371462.16
2300,184946.6425,592370.2281,560151.66,391445.88
2301,189317.5128,579605.6799,560468.162,386840.53
2302,180803.2778,269846.3595,373876.736,324220.88
2303,175061.1859,282610.9077,375579.736,323598.1
2304,179074.8391,592598.0847,548699.464,361355.8
2305,145708.7643,269846.3595,365646.578,324800.97
2306,142398.0228,269846.3595,365646.578,326624.4
2307,161474.5349,269846.3595,373631.794,328970.1
2308,157025.9452,254477.8438,372755.922,327053.47
2309,163424.0378,263651.3268,372129.168,326784.8
2310,164692.7786,246173.1602,376627.052,322948.38
2311,152163.2444,269846.3595,371598.864,327322.5
2312,192383.2155,537957.9082,550305.576,404362.66
2313,182520.2303,578879.3962,543850.754,367388.8
2314,187254.5075,547077.2466,549499.944,356676.34
2315,176489.6597,578879.3962,544011.89,368843.53
2316,181520.4668,604324.0033,549163.99,371876.38
2317,186414.9782,285820.1696,366638.162,337411.3
2318,185197.7646,547077.2466,549784.07,364896.44
2319,178657.7941,547077.2466,549784.07,362063.22
2320,179731.198,253159.864,395442.302,363579.88
2321,161748.2713,254018.02,373918.958,323878.16
2322,158608.7491,221489.5868,389018.518,333133.1
2323,178807.3706,285820.1696,366848.192,337274.8
2324,184187.1588,618432.0764,552690.316,432891.3
2325,181686.104,253291.7363,382373.704,335458.3
2326,190311.0502,537957.9082,549254.588,394944.22
2327,192252.4964,560795.9351,554622.744,373706.6
2328,193954.8495,596039.3138,551171.572,404961.97
2329,181044.2016,637312.2604,556180.168,379269.56
2330,180258.1312,578879.3962,544120.406,341796.22
2331,199641.6573,581283.3102,560146.6,391348.03
2332,197530.7752,573410.6472,558321.798,393470.9
2333,191777.1969,621155.2515,552695.812,405275.03
2334,195779.543,547077.2466,549784.07,370289
2335,202112.0465,717016.621,573203.618,407468.78
2336,192343.3481,580065.5037,556692.286,393418.7
2337,185191.3594,267010.4249,388402.33,325258.34
2338,186760.208,254018.02,373908.004,314990
2339,177733.7819,251414.0526,373941.69,324670.28
2340,164430.3912,247822.9874,371949.17,324472.72
2341,185299.6016,235208.2753,394961.76,350412.53
2342,186414.0123,269846.3595,373876.736,322334.8
2343,176401.9211,269846.3595,373876.736,327117.47
2344,182381.3226,578879.3962,544011.89,363547.1
2345,176334.1847,592598.0847,548699.464,371274.56
2346,184901.7358,299998.6819,373061.724,333748.44
2347,180085.7669,267010.4249,388945.172,330948.28
2348,184901.7358,596039.3138,551171.572,397351.22
2349,183967.5615,583478.7462,547977.704,404746.9
2350,193046.3016,573410.6472,559333.044,389329.03
2351,168538.9695,260815.3922,387689.638,335967.94
2352,170157.842,221489.5868,389018.518,336840.62
2353,196559.7093,547077.2466,549945.206,345637.34
2354,177133.7094,312674.9051,337866.232,252709.56
2355,181553.2796,312674.9051,337987.09,265447.9
2356,185770.6066,266387.136,385736.498,355495.44
2357,177017.5951,235208.2753,395767.892,333271.5
2358,184123.3585,611867.6533,550500.456,394905.72
2359,165970.3575,569388.3033,540204.48,323327.72
2360,158151.985,290104.6109,370422.144,306576.84
2361,177086.4764,279133.9604,370691.728,335263.3
2362,196373.8962,708037.3872,570146.308,407576.2
2363,172465.7071,263651.3268,362992.646,285123
2364,168590.7824,307493.923,368828.39,373231.25
2365,158820.4742,279625.1369,363871.216,341214.53
2366,151611.3706,264094.1115,380566.77,321099.75
2367,152125.0286,264094.1115,380566.77,321099.75
2368,158404.0731,311724.6005,375210.652,337493.06
2369,160692.0786,235208.2753,395103.56,329499.03
2370,170175.2268,590510.9856,563564.816,403507.44
2371,169854.4366,571760.8201,560693.348,390328.53
2372,183410.7858,247096.7037,379546.47,333908.66
2373,180347.194,728473.0288,571201.272,416488.6
2374,178930.5284,751156.7613,569524.948,455883.22
2375,153346.2201,448535.224,391251.608,364975.72
2376,182675.2043,269846.3595,371045.762,324128.34
2377,180770.6498,338178.6214,378392.16,382697
2378,188714.1481,240739.1612,387790.052,295502.5
2379,191393.6086,605510.1108,562429.862,350331.06
2380,174016.1575,317698.2253,367113.87,331233.8
2381,183189.6853,376945.5811,396261.084,312474.12
2382,183621.5088,404208.6887,404688.052,395731.16
2383,168991.2964,221489.5868,389948.644,339354.4
2384,185306.6507,573410.6472,556776.298,391761.9
2385,189030.6803,294962.2999,378361.644,333590.5
2386,179208.6657,263301.3272,373076.748,266061.72
2387,174901.4528,303639.9259,359015.582,298699.6
2388,168337.4065,202062.0676,401661.95,307336.1
2389,158234.9646,295909.1813,367894.61,325526.03
2390,179562.4534,305932.9504,372819.924,345168.56
2391,174176.3916,240942.5289,376989.016,328387.56
2392,173931.5318,256712.2534,390208.688,290515.75
2393,184111.7294,261510.3232,390160.206,332526.94
2394,179374.482,247791.6346,383016.286,323137.34
2395,207348.8119,706119.9166,572490.932,417398
2396,186983.4193,271472.3871,371778.172,273627.25
2397,206779.094,397851.1462,410035.85,394492.4
2398,177472.0747,383949.5809,388091.708,327804.06
2399,156727.9483,323639.79,323051.878,257738.48
2400,157090.5685,660953.3685,514737.844,305789.16
2401,160387.0327,280931.1279,374057.794,285618.78
2402,172410.2801,379238.6056,411402.672,311579.88
2403,191603.3657,246964.8314,396161.326,328529
2404,182152.2072,229670.2706,370859.386,296145.8
2405,180161.6973,387526.953,410884.762,353603.34
2406,169652.2353,338357.6106,379099.29,339750.72
2407,182503.5201,260192.1034,383767.788,322114.4
2408,179714.6307,419577.2043,398458.986,393246.66
2409,180282.5707,212378.4807,396283.938,292620.62
2410,192600.3381,260081.4624,387149.922,330346.97
2411,166115.4912,289701.2284,364971.118,270236.22
2412,186379.5535,286279.9934,359479.406,271965.4
2413,184361.9923,307822.5924,378055.888,305388.22
2414,186220.9655,272744.6785,370431.874,326733.56
2415,198176.4709,215162.6818,402975.892,324126.56
2416,168437.7765,277975.3098,364628.06,300096.9
2417,178003.5823,317271.6266,377905.488,312009.62
2418,179180.4692,296299.6436,374086.22,334958.56
2419,191930.5611,622313.1352,550707.958,392642.44
2420,175590.2662,285346.9897,374553.978,302684
2421,176713.1931,398505.3568,387092.95,309840.88
2422,180159.0909,277975.3098,364512.51,256856.03
2423,188090.1008,632831.2572,512293.74,314371.56
2424,186184.7177,281918.1615,370587.866,304128.66
2425,223055.5887,720192.0357,560068.978,384540.75
2426,158270.7531,609349.3083,557957.506,391366.9
2427,184733.1285,632067.5323,502262.538,309866.25
2428,199926.379,691224.9358,565716.55,336876.25
2429,175075.7852,245681.9837,383402.43,295336.94
2430,180917.9251,289008.9461,381613.592,295950.28
2431,182067.7606,277975.3098,364177.124,247828.95
2432,178238.6019,307822.5924,377570.712,332749.34
2433,173454.9446,417927.3772,406680.312,328321
2434,176821.9363,307822.5924,377859.254,304014.56
2435,183642.1913,303609.5306,385220.488,316628.16
2436,177254.5827,204846.2687,393170.6,262897.1
2437,168715.9501,274736.0953,372387.126,294303.34
2438,180096.9312,296381.4803,357774.072,273455.56
2439,160620.7282,250677.0363,389826.814,319940.9
2440,175286.5444,614299.4215,550066.15,414311.47
2441,153494.7833,293413.4333,365169.57,282815.47
2442,156407.6592,250677.0363,388716.416,297087.97
2443,162162.5252,224786.5426,402279.416,330850.8
2444,166809.8868,593556.486,541849.668,410640.94
2445,172929.1564,627724.6704,548750.356,370109.62
2446,193514.3309,580995.9185,549956.054,354749.28
2447,181612.1416,583478.7462,550262.02,399991.7
2448,191745.3864,597623.3897,550697.742,372753.3
2449,171369.325,600580.733,545587.368,403738.75
2450,184425.4706,589844.2811,548777.508,368920.9
2451,170563.2524,609758.0023,547927.216,349219.66
2452,184522.3692,590115.257,549467.654,343897.38
2453,164968.9479,188549.1805,392200.028,271364.94
2454,157939.6216,218696.8295,397312.514,254205.39
2455,151520.3816,724155.7647,560236.164,322113.8
2456,176129.5087,644105.731,546163.374,301156.78
2457,171112.979,614299.4215,557071.238,367800.22
2458,169762.0816,616410.4948,553037.742,370909.47
2459,162246.8289,250677.0363,389129.03,294170.5
2460,171339.3034,622144.2813,545826.056,407449.16
2461,189034.7537,622313.1352,550521.958,366154.06
2462,175758.8736,567277.23,536920.102,325289.78
2463,163351.7215,612237.0437,545306.872,440782.62
2464,189806.5466,586403.052,549543.436,298337.9
2465,175370.9909,590115.257,540693.554,377764.38
2466,196895.5999,574499.5125,541682.12,353453.12
2467,176905.918,626025.3401,550264.158,444945.8
2468,176866.5572,590115.257,549243.654,291177.2
2469,163590.6772,580995.9185,541500.254,317797.44
2470,212693.503,568976.619,560313.878,379069.8
2471,192686.9317,707429.5222,560151.182,408468.97
2472,181578.685,614299.4215,549608.072,415451.03
2473,166475.4576,653994.4905,556686.186,418724.22
2474,185998.2552,693238.502,557254.314,294401
2475,185527.7149,618060.322,548099.142,391034.06
2476,159027.1182,615288.8882,547828.072,325432.34
2477,181169.6549,305657.7787,353125.14,266308.6
2478,176732.9153,251044.0157,374085.362,305994.53
2479,191619.2946,297396.5013,381199.286,338753.6
2480,189114.3038,253868.4331,392816.806,337830.28
2481,180934.6353,279129.6667,373073.78,266467.03
2482,164573.3722,279133.9604,367722.806,328139.84
2483,173902.0113,282461.3208,387087.65,304688.7
2484,165625.1277,258302.4614,378429.984,333435.16
2485,179555.2196,290104.6109,372330.002,325880.3
2486,196899.7207,300180.7024,380700.036,305526.6
2487,207566.1247,558042.1315,554358.518,334360.22
2488,163899.9811,723771.3571,563397.646,411874.06
2489,189179.4282,276456.8834,370892.934,383886.56
2490,193892.88,271807.381,389883.896,296944.88
2491,178980.8743,208558.4736,393186.752,300495.25
2492,179749.8762,405007.1558,404131.922,318987.28
2493,197999.675,277975.3098,371822.842,342857.06
2494,203717.4703,277975.3098,372363.598,283603.1
2495,185249.2612,246964.8314,388549.416,259244.8
2496,201691.2083,371432.6918,405742.796,343687.1
2497,181956.5483,596868.5281,544174.102,382368.8
2498,171895.9363,280268.3343,377798.624,308418.34
2499,187245.1684,205774.2725,393368.388,291495.34
2500,157816.7746,299004.7919,376940.86,264548.5
2501,191702.9126,291994.2529,378417.232,308547.22
2502,198599.42,654842.1829,548795.494,369470.94
2503,187193.3137,577283.7136,549213.728,314001.56
2504,220514.994,675902.9263,562472.706,369606.56
2505,181814.5276,627236.1689,551879.178,403184.1
2506,183750.7554,221489.5868,389018.518,333144.8
2507,183000.4317,247096.7037,379391.808,328241.8
2508,185830.9719,221489.5868,389680.02,334808.25
2509,185497.8723,254477.8438,372755.922,324220.88
2510,179613.4377,254477.8438,372755.922,327334.22
2511,164454.968,267010.4249,388945.172,335052.88
2512,185127.2372,578879.3962,544011.89,367008.3
2513,178750.6138,713814.3117,563892.994,413214.84
2514,160927.6104,322350.2819,369030.168,381495.03
2515,192562.8081,286463.367,377548.258,345015.78
2516,180990.2415,627236.1689,550514.846,407074.06
2517,180064.9415,288113.1941,369979.176,300035.66
2518,196070.9974,288113.1941,369814.598,300099.88
2519,180352.919,611867.6533,551034.438,398875.28
2520,183367.9538,605510.1108,563565.848,354814.47
2521,176734.8415,592598.0847,548699.464,371903.38
2522,180848.2208,579605.6799,557926.66,391761.9
2523,187806.0594,277484.1333,375313.888,344718.1
2524,180521.5264,240942.5289,383578.408,328365.78
2525,181502.7545,248466.1848,391114.84,335428.12
2526,174525.8794,290015.7564,376578.106,346069.88
2527,188927.9841,322972.2629,379429.59,317578.62
2528,184728.8704,283377.5582,367362.328,309629.84
2529,179857.9755,288113.1941,371824.132,375350.12
2530,180962.8681,295366.4886,366808.348,375420.22
2531,179194.0664,433226.6345,397208.96,355761.56
2532,179591.7893,637312.2604,556681.768,407286.25
2533,180638.4637,547077.2466,549784.07,365755.34
2534,185846.2151,237856.7201,371078.764,333375.38
2535,195174.0311,592370.2281,558606.16,391567.78
2536,192474.5683,597111.6497,559727.734,362905.7
2537,164200.5955,282610.9077,367474.52,328171.16
2538,178403.0941,592598.0847,548699.464,368114.97
2539,170774.8402,301648.5091,367073.732,335736.88
2540,179879.9459,267010.4249,388631.87,334850.72
2541,177668.1928,578879.3962,544071.89,371298.56
2542,180174.3286,592598.0847,548597.528,371622.47
2543,170643.3036,276148.6536,371703.576,285375.72
2544,165448.0043,262847.6669,387329.568,338115.16
2545,195531.7549,728335.2891,562908.32,437511.9
2546,165314.1777,212378.4807,395886.002,299532.25
2547,172532.7577,279133.9604,370823.63,339167.84
2548,203310.2181,535165.1509,537066.75,343961.28
2549,175090.0625,621483.9209,556383.502,375016.44
2550,230841.3386,247106.1677,376084.01,325166.5
2551,155225.1901,264094.1115,372534.204,327998.9
2552,168322.3424,291389.0489,372868.268,339002.25
2553,165956.2593,233777.3459,362645.558,269287.1
2554,193956.8176,296317.3423,350910.152,279790.16
2555,171070.3679,610633.7462,550913.284,380730.8
2556,166285.2436,283980.5393,377815.624,316245.25
2557,182875.8013,281918.1615,370300.674,331732.16
2558,218108.5368,674412.9955,527596.664,297080.7
2559,174378.7776,283980.5393,378129.126,310175.44
2560,164731.3164,600580.733,553036.468,360051.28
2561,156969.6951,622313.1352,549992.862,369811.56
2562,173388.8543,569760.0577,537828.578,319100.28
2563,177559.6287,580995.9185,542200.398,329259.97
2564,194297.7893,703549.0414,556307.468,431632.1
2565,174894.5884,349091.3179,408851.08,317260.38
2566,196544.1441,603562.9696,554974.91,357373.7
2567,179036.1585,728288.7594,568476.48,426308.62
2568,211423.9865,303718.0581,371114.44,306639.66
2569,208156.3989,296307.858,387240.616,350386.44
2570,159233.9413,596868.5281,544265.794,405308.47
2571,210820.1151,239441.1755,387695.052,369229.84
2572,140196.1098,279133.9604,367705.806,336301.8
2573,198678.4691,249601.9884,380136.85,298238.44
2574,186818.6108,353014.6218,390365.216,364177.1
2575,175044.7976,614299.4215,549568.084,452471.66
2576,180031.1629,653483.212,516676.196,320438.53
2577,176889.1715,600580.733,551097.968,442140.8
2578,159638.8562,250677.0363,388696.416,286485.56
2579,154287.2644,191127.5802,386317.092,263983.66
2580,191885.6182,632855.4314,516742.89,313926.56
2581,177503.3786,289701.2284,364867.382,301884.03
2582,166548.3168,294601.8363,369753.536,326763.47
2583,164475.1494,400763.5581,406014.232,379644.72
2584,167484.7449,337238.7697,374137.746,386644.97
2585,188683.1606,238649.5044,372516.69,327334.22
2586,162243.3995,433555.3039,392915.332,359101.53
2587,180807.2139,276840.9359,364704.07,308287.03
2588,176279.0796,240640.9212,364661.682,265481
2589,163438.9591,281918.1615,367881.242,341435.38
2590,161495.5394,255594.2249,388919.042,364513.3
2591,216032.3037,339060.7641,423004.942,391845.44
2592,176632.1815,253291.7363,381917.232,330000.53
2593,168743.0016,256770.8684,384589.736,361762.12
2594,183810.1185,274736.0953,376134.232,383778.7
2595,156794.3605,251414.0526,375121.278,323631.9
2596,169136.4301,254018.02,373918.958,323878.16
2597,183203.3188,235208.2753,397634.38,301245.3
2598,213252.9269,579605.6799,557926.66,404248.03
2599,190550.3279,355695.526,415371.922,348935.25
2600,234707.2099,307183.8542,392233.062,293710.03
2601,135751.3189,305053.5329,365602.378,300425.97
2602,164228.4589,610587.2166,550306.416,366289.97
2603,153219.437,605212.7968,541541.786,323603.03
2604,164210.7465,617425.3003,515689.346,314196.94
2605,163883.2291,577283.7136,541652.58,322691.62
2606,154892.7763,276639.8302,359921.634,330762.47
2607,197092.0873,279133.9604,375698.004,336726.4
2608,228148.3764,294736.6568,361651.78,317714.2
2609,178680.5875,726795.3984,558962.018,391741.47
2610,165643.3412,358437.6881,331951.898,296759.7
2611,222406.6427,232454.4717,362396.722,242484.9
2612,184021.8436,440348.7746,390176.142,323755.53
2613,170871.0949,279133.9604,367414.79,300355.12
2614,189562.8737,282377.9853,369550.088,298768.25
2615,170591.885,274130.8008,385866.462,331858.84
2616,172934.3517,391646.6676,415854.654,345918.38
2617,186425.0699,248466.1848,382650.57,336748
2618,218648.1311,261327.907,372750.156,306278.4
2619,183035.6068,226229.0415,395520.272,303778.88
2620,178378.9061,611407.8294,552878.546,375353.66
2621,184516.7166,583618.851,547419.21,345626.84
2622,181419.5253,569900.1624,542496.408,341623.9
2623,196858.9234,573560.4833,555367.244,367470.25
2624,189228.7015,691112.19,566894.604,397854.4
2625,208973.3808,572684.3635,543276.846,369086.12
2626,180269.869,365219.6625,402844.798,316335.7
2627,159488.7137,244312.5026,380380.822,300546.06
2628,191490.2995,579605.6799,560468.162,395993.6
2629,228684.2451,540882.2139,551273.908,375180.16
2630,201842.9987,564237.1642,558646.056,382789.5
2631,209242.8229,602458.2663,561194.35,419167.56
2632,202357.6226,559841.7948,553392.236,374767.72
2633,168238.6122,247822.9874,371384.988,323855.03
2634,202524.1247,375131.9037,406253.61,343165.88
2635,170588.7719,260867.1258,361923.5,296742.75
2636,198375.3151,540882.2139,550645.394,327892.97
2637,170636.8279,275851.589,378008.046,327640.06
2638,181991.0795,621483.9209,556465.12,395211.78
2639,183994.5425,573870.471,554735.06,408875.66
2640,182951.4822,229670.2706,371198.944,291540.97
2641,174126.2972,271951.8942,372841.576,343063.94
2642,170575.4967,279625.1369,363871.216,337124.84
2643,175332.2399,542697.3629,547518.338,365700.28
2644,167522.0615,568976.619,552290.63,377595.9
2645,168095.5837,576000.8659,555622.152,352828.44
2646,154406.4156,576000.8659,555622.152,352828.44
2647,170996.9733,562282.1774,550278.026,342480.34
2648,159056.8902,423820.8021,399845.56,334557.06
2649,181373.6165,317293.4798,380423.942,321581.75
2650,152272.561,297887.6779,375072.608,278189.88
2651,168664.3468,619391.3091,553785.614,378618.38
2652,211007.0083,612534.3577,567794.198,434019.8
2653,182909.515,221357.7144,403059.098,366720.38
2654,203926.8294,235208.2753,397292.548,326104.06
2655,179082.8254,375848.7234,401350.462,343340.3
2656,206260.0998,547077.2466,550809.736,361016.53
2657,181732.4434,589238.9867,557412.312,391509.56
2658,189698.7407,540882.2139,551803.422,363348.53
2659,203074.3468,578879.3962,545977.554,370364.78
2660,201670.6344,573410.6472,559333.044,389193.84
2661,173756.8126,269846.3595,374502.222,327108.8
2662,181387.0764,247822.9874,371859.936,327012.78
2663,184859.1553,595434.0193,557789.526,386253.6
2664,158313.6157,263651.3268,372129.168,324116.62
2665,151951.9554,247822.9874,371856.854,320450.66
2666,162537.527,263651.3268,371657.302,320947.06
2667,178998.3371,592598.0847,548597.528,365818.75
2668,186732.5849,592598.0847,548597.528,362197.6
2669,187323.3184,239441.1755,387754.824,363601.47
2670,199437.2328,547077.2466,549784.07,363267.72
2671,185546.6809,578879.3962,543850.754,364997.38
2672,161595.0158,254018.02,373637.504,325297.44
2673,154672.4228,254018.02,373637.504,327083.97
2674,159355.7101,254018.02,373918.958,324080.8
2675,155919.0141,240942.5289,383797.55,356951.3
2676,182424.871,578879.3962,543850.754,372308.34
2677,178100.5896,616782.2492,556957.944,416873.56
2678,202577.9,578879.3962,544071.89,370605.56
2679,177862.7789,579605.6799,557926.66,392863.9
2680,182056.0247,605510.1108,562766.116,388188.38
2681,191403.1992,595434.0193,560059.892,393470.9
2682,196264.755,583777.7086,556314.154,394986.94
2683,209375.0034,687781.6699,568788,424062.1
2684,196691.8193,566641.853,557850.66,402604.88
2685,192458.4315,586479.462,553466.012,403493.66
2686,182242.8093,553646.7622,549864.796,362951.6
2687,183259.5039,283634.6559,381000.522,320490.16
2688,188108.2437,207639.0259,396228.122,355592.2
2689,171418.6402,299998.6819,373061.724,333736.7
2690,194698.8822,637312.2604,558965.2,400247.9
2691,174841.8401,592598.0847,548699.464,371258.94
2692,172965.4765,343270.2754,319995.628,270358.78
2693,189386.3237,221489.5868,389680.02,330053.3
2694,185682.6183,312674.9051,337369.156,256223.22
2695,176412.0127,547077.2466,549784.07,365755.34
2696,174976.4897,547077.2466,549945.206,367206.53
2697,180718.5817,578879.3962,544120.406,338515
2698,186131.1882,729763.4453,560603.292,409636.62
2699,165220.7864,305529.5679,370976.48,337894.97
2700,164115.8938,293803.6493,370170.94,337894.97
2701,182125.7291,609758.0023,554473.712,394242.34
2702,182285.1402,260192.1034,383807.936,318934.1
2703,196325.4422,535165.1509,537090.92,331266.22
2704,164865.2153,263765.4447,370359.532,311221.97
2705,182694.4922,277484.1333,378338.624,298658.78
2706,185425.4855,254359.6097,372218.14,256662.2
2707,171414.7041,276840.9359,358014.86,296716.75
2708,183433.4725,287231.5553,379580.034,309817.28
2709,176844.9812,323148.6135,339805.126,297442.88
2710,180568.1878,272744.6785,371473.2,304836.66
2711,185948.6255,687206.8977,572980.61,403575.03
2712,189388.2917,591844.6209,558514.68,396604.5
2713,142754.4892,260815.3922,378944.642,337858.84
2714,156106.8008,586403.052,548555.556,371313.94
2715,155895.3976,571760.8201,560693.348,390328.53
2716,159851.9777,592598.0847,548699.464,365423.78
2717,185157.8323,716479.8308,559088.094,336260.75
2718,180716.2917,260815.3922,386585.45,339462.06
2719,176901.094,247822.9874,370426.932,275079.34
2720,181017.2225,402244.808,407650.014,312850.12
2721,183269.1594,307822.5924,377898.138,334990.16
2722,193550.8301,695073.5603,562015.264,363821.75
2723,170625.8427,263160.1503,376114.822,355786.9
2724,182012.4059,294962.2999,367642.604,290356.22
2725,179162.5073,295453.4764,357180.38,268307.1
2726,183269.1594,266085.5283,373086.158,266277.53
2727,180589.8362,304207.5442,374387.914,265614.1
2728,181465.9352,282042.0785,363213.986,304617.56
2729,196053.0299,604490.9735,547306.386,382139.28
2730,183421.0203,260192.1034,383790.936,292551.9
2731,167926.8391,285630.3664,370283.674,306681.03
2732,168027.531,247096.7037,373239.302,263639.6
2733,182164.2669,285630.3664,370283.674,317446.22
2734,172469.0716,277439.6232,370322.512,230211.31
2735,181059.3743,273236.2418,383794.204,295051.22
2736,182997.5701,572684.3635,535781.126,270609.6
2737,166140.5042,283980.5393,377798.624,312337.97
2738,198515.5469,246964.8314,396091.326,329251.88
2739,193789.6485,306174.195,369417.886,310582.3
2740,173550.0257,215162.6818,395724.704,326033.22
2741,176487.9432,293803.6493,363852.262,264207.78
2742,188813.3026,250575.8357,374929.04,318591.75
2743,178531.912,385637.311,406239.384,314585.88
2744,182145.7315,415244.1367,393232.456,295723.28
2745,179196.465,276020.4428,383188.862,318061.3
2746,169618.3499,315276.9899,366236.154,270091.28
2747,170010.1687,215162.6818,394783.368,369041.9
2748,181739.6717,286463.367,377273.998,320008.4
2749,172846.935,402099.0377,406734.674,328309.25
2750,195560.883,326213.3441,378374.56,311391
2751,180358.1143,413824.9563,407078.182,324536.53
2752,211817.7028,265831.7831,393622.05,305838.56
2753,176170.1287,306258.147,371408.12,306128.2
2754,234492.2483,624753.3412,551252.66,332368.47
2755,182450.9565,592598.0847,541480.324,341242.94
2756,174902.0681,270722.6298,382364.062,292996
2757,173684.1743,391078.0082,417077.434,350408.06
2758,147196.6737,580995.9185,541586.12,354543.44
2759,175231.1897,600580.733,553404.59,409243.72
2760,193417.6474,573472.2627,537362.704,370119.6
2761,183313.6012,229670.2706,362990.414,257999.66
2762,180882.2508,259217.2986,369791.844,257788.83
2763,186735.698,386126.6573,403292.78,285000.28
2764,172922.8654,342364.3984,425472.336,346317.44
2765,202551.6772,626864.4145,554033.99,386688.8
2766,190485.6341,600580.733,544234.102,361430.88
2767,173439.4936,204846.2687,401245.95,306199.22
2768,196613.5988,292629.3116,356023.652,287305.1
2769,178152.2597,417927.3772,406347.036,324548.25
2770,174519.9048,291994.2529,378241.232,334961.84
2771,172627.7969,280268.3343,377748.624,298454.78
2772,173732.6895,342696.3364,318682.82,249610.38
2773,209219.8448,590115.257,551251.462,326010.94
2774,181059.3743,594223.1905,556065.568,354548.88
2775,188515.443,610587.2166,550192.15,392979.5
2776,182164.2669,603562.9696,546976.398,409299.84
2777,188137.9016,615949.2486,546200.338,403860.66
2778,158893.5431,567277.23,536490.698,350697.16
2779,189579.6507,590115.257,550300.028,373522.88
2780,165229.8035,289739.2218,380133.678,311419.75
2781,162186.0712,250808.9086,373226.348,263487.53
2782,166374.8799,387365.8033,417633.778,319704.9
2783,161665.185,711072.6972,554749.838,343657.78
2784,175079.3288,291994.2529,378328.246,340094.62
2785,203840.874,535475.0804,541641.368,403851.88
2786,152129.0789,299662.5871,373157.754,307411.03
2787,181012.1414,616782.2492,550228.134,366101.22
2788,161305.535,233246.1428,381174.586,318177.56
2789,203326.393,590115.257,549451.654,341188
2790,168385.5711,635779.7372,516162.192,292206.28
2791,183564.3652,244180.6303,389249.966,320305.44
2792,163784.6194,296341.5165,348925.732,290375.03
2793,171989.1922,576396.5684,536205.344,294684.66
2794,180839.9562,615288.8882,549319.404,324891
2795,170895.9232,580995.9185,540881.928,354048.75
2796,174071.0548,236958.3478,381076.634,293931.62
2797,259423.8591,577283.7136,549005.728,359195.3
2798,188000.8247,693641.8038,557038.15,422103.12
2799,179171.7036,590115.257,541703.546,291426.12
2800,171022.2414,292629.3116,346778.756,292617.38
2801,174126.2972,290175.5719,379476.842,306664.12
2802,187625.5733,587726.7845,556088.802,339232.2
2803,199567.9464,260815.3922,388754.37,297259.03
2804,205328.0782,208558.4736,394077.602,306494.78
2805,166231.535,208558.4736,393310.752,275578.44
2806,154743.9161,270562.8142,381877.226,264559.12
2807,159714.537,304082.7105,376518.054,274612.2
2808,185563.0691,229670.2706,363087.42,294480.2
2809,171500.7967,263765.4447,370239.938,297313.03
2810,180983.4438,289701.2284,364571.858,266577.53
2811,183141.2369,284335.1031,376753.62,339085.78
2812,178498.6345,358838.321,403736.448,347315.6
2813,224323.7105,233246.1428,386656.372,327635.6
2814,218200.6421,250575.8357,382339.844,323308.8
2815,182283.1778,218874.8867,395358.196,300305.38
2816,190054.6392,270798.7944,375660.272,309449.75
2817,160192.4539,294817.8771,375058.448,346582
2818,171289.3936,265594.3517,384852.724,330702.16
2819,151131.0987,722914.3396,561928.508,359430.6
2820,181721.4582,282377.9853,369500.902,339159.38
2821,172725.0539,598546.1584,547692.724,327911.22
2822,222438.6991,718157.4612,564723.958,360671.47
2823,235419.3734,595234.1164,552092.502,423747.88
2824,185150.926,270742.2019,369587.466,285231.4
2825,184772.2396,346076.6034,418959.466,320666.22
2826,180658.2164,215162.6818,394862.16,316098.1
2827,209673.3166,610587.2166,549548.072,366412
2828,205939.8106,696311.4686,569469.812,404466.9
2829,165633.5733,316137.2527,374428.888,374682.6
2830,186030.3172,592598.0847,548699.464,368030.34
2831,160312.3196,286279.9934,366215.27,334881.3
2832,190702.4403,311724.6005,373951.092,333714.7
2833,175122.8103,254018.02,375180.948,317510
2834,183783.1394,578879.3962,544011.89,359983.75
2835,178290.6663,238649.5044,372516.69,327095.7
2836,181605.344,547077.2466,549945.206,366928.56
2837,187992.4514,305529.5679,371113.232,305760.75
2838,188885.1178,253159.864,389103.656,328507.12
2839,189959.3448,547077.2466,549945.206,367624.9
2840,179258.6192,311724.6005,374389.058,307597.28
2841,181518.7503,611867.6533,551034.438,401253.1
2842,193008.6592,611407.8294,552016.312,398875.28
2843,186313.8939,555257.9305,545225.178,313528.9
2844,181499.3919,268966.5874,383030.326,335107.47
2845,174126.2972,286463.367,379476.842,308229.6
2846,183918.6121,564237.1642,556829.42,388662.53
2847,184114.2709,595434.0193,556837.174,364170.1
2848,158540.9478,279625.1369,356325.658,334078.06
2849,197034.7591,592598.0847,548699.464,371396.53
2850,185170.2845,579605.6799,557926.66,393348.94
2851,221134.5336,578879.3962,543708.954,362319.88
2852,184306.6376,580065.5037,554483.302,399634.9
2853,199792.3027,627236.1689,551879.178,397110.78
2854,143237.8036,256311.0446,377681.384,356932.3
2855,177294.8389,311724.6005,373859.464,337906.72
2856,182368.6209,592598.0847,548699.464,369330.34
2857,176487.9432,578879.3962,544011.89,367008.3
2858,183849.4088,285820.1696,367017.26,333360.97
2859,184964.1415,599273.2168,552586.272,367819.06
2860,196395.9696,313085.706,351026.764,289857.84
2861,188374.9367,408747.7307,390854.036,286613.28
2862,176261.2968,538098.0129,548356.08,366905.22
2863,163628.1422,327568.6935,342479.754,298756.66
2864,180618.0326,592598.0847,550441.728,368883.12
2865,161647.3298,292910.9543,370904.168,291341.16
2866,167129.5989,560795.9351,555063.162,346246.75
2867,174750.9884,583478.7462,542230.674,323702.03
2868,177560.2021,580995.9185,549429.594,352941.9
2869,192577.7961,580995.9185,540952.436,287215.44
2870,199202.899,246173.1602,377848.658,269040.78
2871,182818.1567,296341.5165,349278.432,287270.94
2872,148217.2625,254633.1655,381063.86,296205
2873,188997.7971,569760.0577,536436.546,317698.9
2874,185807.9289,622313.1352,558185.18,392520.47
2875,177030.4778,651129.978,548428.972,343217.9
2876,175942.4746,617626.879,547994.75,376946.28
2877,172912.5186,614299.4215,550950.494,369685.75
2878,198359.2489,580995.9185,540404.11,357524.97
2879,184379.133,615581.2805,558397.46,332143.56
2880,194255.5669,610587.2166,550282.016,362398.84
2881,209449.6516,580995.9185,541988.58,303884.25
2882,169979.324,722093.7267,559970.38,384687.5
2883,188206.2819,578785.067,564050.268,397233.47
2884,186412.4386,709038.1227,556557.184,431042.53
2885,196761.3864,586403.052,541065.462,345733.34
2886,208353.2696,707840.774,572799.76,370725.75
2887,166548.0672,281918.1615,370300.674,283946.16
2888,175942.4746,600580.733,545563.074,399707.2
2889,166790.4579,296341.5165,348691.032,261591.8
2890,160515.8506,236958.3478,381026.634,320227.3
2891,192167.6211,554600.9025,554079.252,319173.03
2892,178751.5511,254222.9539,349003.424,249311.42
2893,198678.8941,622948.1938,515181.222,296989
2894,164553.1203,622948.1938,507028.49,325576.38
2895,156887.9329,398470.5335,396730.734,338845.5
2896,164185.7773,369653.6907,397508.75,343118.25
2897,212992.1206,264256.6213,363242.398,344796.7
2898,197468.5505,246964.8314,395944.326,328284.03
2899,180106.8437,253291.7363,384645.764,328458.8
2900,183972.0711,260192.1034,391119.526,331881.5
2901,245283.1983,417253.7845,408312.012,367627.94
2902,170351.9634,304082.7105,375750.508,345968.4
2903,195596.3077,253301.2004,378652.722,325568.8
2904,189369.7563,254018.02,374093.722,322453.47
2905,223667.4046,75414.86569,268171.656,245024.81
2906,169335.3106,257899.0788,377954.774,289402.6
2907,167411.0284,563565.0251,535346.516,322865.25
2908,187709.555,305529.5679,364618.89,271462
2909,196526.003,280268.3343,384615.67,345137.72
2910,137402.5699,341614.8624,337029.964,304785.03
2911,165086.7751,610587.2166,550306.416,366289.97
2912,188506.4314,274130.8008,378445.536,299730.66
2913,172917.4568,610587.2166,550306.416,365052.53
2914,166274.3252,632067.5323,504396.746,301215.47
2915,167081.2209,622948.1938,506344.174,331913.47
2916,164788.7782,603562.9696,547252.386,324811.66
2917,219222.4234,316930.0369,369823.246,338432.25
2918,184924.2797,324543.6197,318659.258,255179.72
2919,187741.8667,555257.9305,553588.94,362064.72
